latitude_deg,zodiac,sign,share_pct,rising_hours
0,tropical,Aries,7.75,1.86
0,tropical,Taurus,8.31,1.994
0,tropical,Gemini,8.94,2.146
0,tropical,Cancer,8.94,2.146
0,tropical,Leo,8.31,1.994
0,tropical,Virgo,7.75,1.86
0,tropical,Libra,7.75,1.86
0,tropical,Scorpio,8.31,1.994
0,tropical,Sagittarius,8.94,2.146
0,tropical,Capricorn,8.94,2.146
0,tropical,Aquarius,8.31,1.994
0,tropical,Pisces,7.75,1.86
0,sidereal_lahiri,Aries,8.17,1.961
0,sidereal_lahiri,Taurus,8.85,2.124
0,sidereal_lahiri,Gemini,9.01,2.162
0,sidereal_lahiri,Cancer,8.45,2.028
0,sidereal_lahiri,Leo,7.82,1.877
0,sidereal_lahiri,Virgo,7.71,1.85
0,sidereal_lahiri,Libra,8.17,1.961
0,sidereal_lahiri,Scorpio,8.85,2.124
0,sidereal_lahiri,Sagittarius,9.01,2.162
0,sidereal_lahiri,Capricorn,8.45,2.028
0,sidereal_lahiri,Aquarius,7.82,1.877
0,sidereal_lahiri,Pisces,7.71,1.85
1,tropical,Aries,7.7,1.848
1,tropical,Taurus,8.26,1.982
1,tropical,Gemini,8.92,2.141
1,tropical,Cancer,8.96,2.15
1,tropical,Leo,8.36,2.006
1,tropical,Virgo,7.81,1.874
1,tropical,Libra,7.81,1.874
1,tropical,Scorpio,8.36,2.006
1,tropical,Sagittarius,8.96,2.15
1,tropical,Capricorn,8.92,2.141
1,tropical,Aquarius,8.26,1.982
1,tropical,Pisces,7.7,1.848
1,sidereal_lahiri,Aries,8.12,1.949
1,sidereal_lahiri,Taurus,8.82,2.117
1,sidereal_lahiri,Gemini,9.02,2.165
1,sidereal_lahiri,Cancer,8.49,2.038
1,sidereal_lahiri,Leo,7.88,1.891
1,sidereal_lahiri,Virgo,7.76,1.862
1,sidereal_lahiri,Libra,8.22,1.973
1,sidereal_lahiri,Scorpio,8.88,2.131
1,sidereal_lahiri,Sagittarius,8.99,2.158
1,sidereal_lahiri,Capricorn,8.41,2.018
1,sidereal_lahiri,Aquarius,7.77,1.865
1,sidereal_lahiri,Pisces,7.65,1.836
2,tropical,Aries,7.64,1.834
2,tropical,Taurus,8.22,1.973
2,tropical,Gemini,8.9,2.136
2,tropical,Cancer,8.98,2.155
2,tropical,Leo,8.4,2.016
2,tropical,Virgo,7.87,1.889
2,tropical,Libra,7.87,1.889
2,tropical,Scorpio,8.4,2.016
2,tropical,Sagittarius,8.98,2.155
2,tropical,Capricorn,8.9,2.136
2,tropical,Aquarius,8.22,1.973
2,tropical,Pisces,7.64,1.834
2,sidereal_lahiri,Aries,8.07,1.937
2,sidereal_lahiri,Taurus,8.8,2.112
2,sidereal_lahiri,Gemini,9.03,2.167
2,sidereal_lahiri,Cancer,8.53,2.047
2,sidereal_lahiri,Leo,7.93,1.903
2,sidereal_lahiri,Virgo,7.82,1.877
2,sidereal_lahiri,Libra,8.27,1.985
2,sidereal_lahiri,Scorpio,8.9,2.136
2,sidereal_lahiri,Sagittarius,8.98,2.155
2,sidereal_lahiri,Capricorn,8.36,2.006
2,sidereal_lahiri,Aquarius,7.71,1.85
2,sidereal_lahiri,Pisces,7.59,1.822
3,tropical,Aries,7.58,1.819
3,tropical,Taurus,8.17,1.961
3,tropical,Gemini,8.88,2.131
3,tropical,Cancer,8.99,2.158
3,tropical,Leo,8.44,2.026
3,tropical,Virgo,7.92,1.901
3,tropical,Libra,7.92,1.901
3,tropical,Scorpio,8.44,2.026
3,tropical,Sagittarius,8.99,2.158
3,tropical,Capricorn,8.88,2.131
3,tropical,Aquarius,8.17,1.961
3,tropical,Pisces,7.58,1.819
3,sidereal_lahiri,Aries,8.03,1.927
3,sidereal_lahiri,Taurus,8.77,2.105
3,sidereal_lahiri,Gemini,9.04,2.17
3,sidereal_lahiri,Cancer,8.57,2.057
3,sidereal_lahiri,Leo,7.99,1.918
3,sidereal_lahiri,Virgo,7.88,1.891
3,sidereal_lahiri,Libra,8.32,1.997
3,sidereal_lahiri,Scorpio,8.93,2.143
3,sidereal_lahiri,Sagittarius,8.97,2.153
3,sidereal_lahiri,Capricorn,8.32,1.997
3,sidereal_lahiri,Aquarius,7.66,1.838
3,sidereal_lahiri,Pisces,7.53,1.807
4,tropical,Aries,7.53,1.807
4,tropical,Taurus,8.12,1.949
4,tropical,Gemini,8.86,2.126
4,tropical,Cancer,9.01,2.162
4,tropical,Leo,8.49,2.038
4,tropical,Virgo,7.98,1.915
4,tropical,Libra,7.98,1.915
4,tropical,Scorpio,8.49,2.038
4,tropical,Sagittarius,9.01,2.162
4,tropical,Capricorn,8.86,2.126
4,tropical,Aquarius,8.12,1.949
4,tropical,Pisces,7.53,1.807
4,sidereal_lahiri,Aries,7.98,1.915
4,sidereal_lahiri,Taurus,8.75,2.1
4,sidereal_lahiri,Gemini,9.05,2.172
4,sidereal_lahiri,Cancer,8.61,2.066
4,sidereal_lahiri,Leo,8.04,1.93
4,sidereal_lahiri,Virgo,7.93,1.903
4,sidereal_lahiri,Libra,8.37,2.009
4,sidereal_lahiri,Scorpio,8.95,2.148
4,sidereal_lahiri,Sagittarius,8.96,2.15
4,sidereal_lahiri,Capricorn,8.28,1.987
4,sidereal_lahiri,Aquarius,7.6,1.824
4,sidereal_lahiri,Pisces,7.47,1.793
5,tropical,Aries,7.47,1.793
5,tropical,Taurus,8.08,1.939
5,tropical,Gemini,8.85,2.124
5,tropical,Cancer,9.03,2.167
5,tropical,Leo,8.54,2.05
5,tropical,Virgo,8.04,1.93
5,tropical,Libra,8.04,1.93
5,tropical,Scorpio,8.54,2.05
5,tropical,Sagittarius,9.03,2.167
5,tropical,Capricorn,8.85,2.124
5,tropical,Aquarius,8.08,1.939
5,tropical,Pisces,7.47,1.793
5,sidereal_lahiri,Aries,7.93,1.903
5,sidereal_lahiri,Taurus,8.72,2.093
5,sidereal_lahiri,Gemini,9.06,2.174
5,sidereal_lahiri,Cancer,8.66,2.078
5,sidereal_lahiri,Leo,8.1,1.944
5,sidereal_lahiri,Virgo,7.99,1.918
5,sidereal_lahiri,Libra,8.42,2.021
5,sidereal_lahiri,Scorpio,8.97,2.153
5,sidereal_lahiri,Sagittarius,8.94,2.146
5,sidereal_lahiri,Capricorn,8.24,1.978
5,sidereal_lahiri,Aquarius,7.55,1.812
5,sidereal_lahiri,Pisces,7.42,1.781
6,tropical,Aries,7.41,1.778
6,tropical,Taurus,8.03,1.927
6,tropical,Gemini,8.83,2.119
6,tropical,Cancer,9.05,2.172
6,tropical,Leo,8.58,2.059
6,tropical,Virgo,8.09,1.942
6,tropical,Libra,8.09,1.942
6,tropical,Scorpio,8.58,2.059
6,tropical,Sagittarius,9.05,2.172
6,tropical,Capricorn,8.83,2.119
6,tropical,Aquarius,8.03,1.927
6,tropical,Pisces,7.41,1.778
6,sidereal_lahiri,Aries,7.88,1.891
6,sidereal_lahiri,Taurus,8.7,2.088
6,sidereal_lahiri,Gemini,9.07,2.177
6,sidereal_lahiri,Cancer,8.7,2.088
6,sidereal_lahiri,Leo,8.16,1.958
6,sidereal_lahiri,Virgo,8.05,1.932
6,sidereal_lahiri,Libra,8.47,2.033
6,sidereal_lahiri,Scorpio,9.0,2.16
6,sidereal_lahiri,Sagittarius,8.93,2.143
6,sidereal_lahiri,Capricorn,8.2,1.968
6,sidereal_lahiri,Aquarius,7.49,1.798
6,sidereal_lahiri,Pisces,7.36,1.766
7,tropical,Aries,7.36,1.766
7,tropical,Taurus,7.99,1.918
7,tropical,Gemini,8.81,2.114
7,tropical,Cancer,9.07,2.177
7,tropical,Leo,8.63,2.071
7,tropical,Virgo,8.15,1.956
7,tropical,Libra,8.15,1.956
7,tropical,Scorpio,8.63,2.071
7,tropical,Sagittarius,9.07,2.177
7,tropical,Capricorn,8.81,2.114
7,tropical,Aquarius,7.99,1.918
7,tropical,Pisces,7.36,1.766
7,sidereal_lahiri,Aries,7.83,1.879
7,sidereal_lahiri,Taurus,8.67,2.081
7,sidereal_lahiri,Gemini,9.09,2.182
7,sidereal_lahiri,Cancer,8.74,2.098
7,sidereal_lahiri,Leo,8.21,1.97
7,sidereal_lahiri,Virgo,8.11,1.946
7,sidereal_lahiri,Libra,8.52,2.045
7,sidereal_lahiri,Scorpio,9.03,2.167
7,sidereal_lahiri,Sagittarius,8.92,2.141
7,sidereal_lahiri,Capricorn,8.15,1.956
7,sidereal_lahiri,Aquarius,7.44,1.786
7,sidereal_lahiri,Pisces,7.3,1.752
8,tropical,Aries,7.3,1.752
8,tropical,Taurus,7.94,1.906
8,tropical,Gemini,8.79,2.11
8,tropical,Cancer,9.09,2.182
8,tropical,Leo,8.67,2.081
8,tropical,Virgo,8.21,1.97
8,tropical,Libra,8.21,1.97
8,tropical,Scorpio,8.67,2.081
8,tropical,Sagittarius,9.09,2.182
8,tropical,Capricorn,8.79,2.11
8,tropical,Aquarius,7.94,1.906
8,tropical,Pisces,7.3,1.752
8,sidereal_lahiri,Aries,7.78,1.867
8,sidereal_lahiri,Taurus,8.65,2.076
8,sidereal_lahiri,Gemini,9.1,2.184
8,sidereal_lahiri,Cancer,8.78,2.107
8,sidereal_lahiri,Leo,8.27,1.985
8,sidereal_lahiri,Virgo,8.16,1.958
8,sidereal_lahiri,Libra,8.57,2.057
8,sidereal_lahiri,Scorpio,9.05,2.172
8,sidereal_lahiri,Sagittarius,8.91,2.138
8,sidereal_lahiri,Capricorn,8.11,1.946
8,sidereal_lahiri,Aquarius,7.38,1.771
8,sidereal_lahiri,Pisces,7.24,1.738
9,tropical,Aries,7.24,1.738
9,tropical,Taurus,7.89,1.894
9,tropical,Gemini,8.77,2.105
9,tropical,Cancer,9.11,2.186
9,tropical,Leo,8.72,2.093
9,tropical,Virgo,8.26,1.982
9,tropical,Libra,8.26,1.982
9,tropical,Scorpio,8.72,2.093
9,tropical,Sagittarius,9.11,2.186
9,tropical,Capricorn,8.77,2.105
9,tropical,Aquarius,7.89,1.894
9,tropical,Pisces,7.24,1.738
9,sidereal_lahiri,Aries,7.73,1.855
9,sidereal_lahiri,Taurus,8.62,2.069
9,sidereal_lahiri,Gemini,9.11,2.186
9,sidereal_lahiri,Cancer,8.83,2.119
9,sidereal_lahiri,Leo,8.32,1.997
9,sidereal_lahiri,Virgo,8.22,1.973
9,sidereal_lahiri,Libra,8.62,2.069
9,sidereal_lahiri,Scorpio,9.07,2.177
9,sidereal_lahiri,Sagittarius,8.9,2.136
9,sidereal_lahiri,Capricorn,8.07,1.937
9,sidereal_lahiri,Aquarius,7.32,1.757
9,sidereal_lahiri,Pisces,7.19,1.726
10,tropical,Aries,7.18,1.723
10,tropical,Taurus,7.85,1.884
10,tropical,Gemini,8.75,2.1
10,tropical,Cancer,9.12,2.189
10,tropical,Leo,8.77,2.105
10,tropical,Virgo,8.32,1.997
10,tropical,Libra,8.32,1.997
10,tropical,Scorpio,8.77,2.105
10,tropical,Sagittarius,9.12,2.189
10,tropical,Capricorn,8.75,2.1
10,tropical,Aquarius,7.85,1.884
10,tropical,Pisces,7.18,1.723
10,sidereal_lahiri,Aries,7.68,1.843
10,sidereal_lahiri,Taurus,8.6,2.064
10,sidereal_lahiri,Gemini,9.12,2.189
10,sidereal_lahiri,Cancer,8.87,2.129
10,sidereal_lahiri,Leo,8.38,2.011
10,sidereal_lahiri,Virgo,8.28,1.987
10,sidereal_lahiri,Libra,8.67,2.081
10,sidereal_lahiri,Scorpio,9.1,2.184
10,sidereal_lahiri,Sagittarius,8.89,2.134
10,sidereal_lahiri,Capricorn,8.03,1.927
10,sidereal_lahiri,Aquarius,7.27,1.745
10,sidereal_lahiri,Pisces,7.13,1.711
11,tropical,Aries,7.12,1.709
11,tropical,Taurus,7.8,1.872
11,tropical,Gemini,8.73,2.095
11,tropical,Cancer,9.14,2.194
11,tropical,Leo,8.82,2.117
11,tropical,Virgo,8.38,2.011
11,tropical,Libra,8.38,2.011
11,tropical,Scorpio,8.82,2.117
11,tropical,Sagittarius,9.14,2.194
11,tropical,Capricorn,8.73,2.095
11,tropical,Aquarius,7.8,1.872
11,tropical,Pisces,7.12,1.709
11,sidereal_lahiri,Aries,7.63,1.831
11,sidereal_lahiri,Taurus,8.57,2.057
11,sidereal_lahiri,Gemini,9.13,2.191
11,sidereal_lahiri,Cancer,8.91,2.138
11,sidereal_lahiri,Leo,8.44,2.026
11,sidereal_lahiri,Virgo,8.34,2.002
11,sidereal_lahiri,Libra,8.72,2.093
11,sidereal_lahiri,Scorpio,9.13,2.191
11,sidereal_lahiri,Sagittarius,8.88,2.131
11,sidereal_lahiri,Capricorn,7.98,1.915
11,sidereal_lahiri,Aquarius,7.21,1.73
11,sidereal_lahiri,Pisces,7.07,1.697
12,tropical,Aries,7.07,1.697
12,tropical,Taurus,7.75,1.86
12,tropical,Gemini,8.71,2.09
12,tropical,Cancer,9.17,2.201
12,tropical,Leo,8.86,2.126
12,tropical,Virgo,8.44,2.026
12,tropical,Libra,8.44,2.026
12,tropical,Scorpio,8.86,2.126
12,tropical,Sagittarius,9.17,2.201
12,tropical,Capricorn,8.71,2.09
12,tropical,Aquarius,7.75,1.86
12,tropical,Pisces,7.07,1.697
12,sidereal_lahiri,Aries,7.58,1.819
12,sidereal_lahiri,Taurus,8.54,2.05
12,sidereal_lahiri,Gemini,9.14,2.194
12,sidereal_lahiri,Cancer,8.96,2.15
12,sidereal_lahiri,Leo,8.5,2.04
12,sidereal_lahiri,Virgo,8.4,2.016
12,sidereal_lahiri,Libra,8.77,2.105
12,sidereal_lahiri,Scorpio,9.15,2.196
12,sidereal_lahiri,Sagittarius,8.86,2.126
12,sidereal_lahiri,Capricorn,7.94,1.906
12,sidereal_lahiri,Aquarius,7.15,1.716
12,sidereal_lahiri,Pisces,7.01,1.682
13,tropical,Aries,7.01,1.682
13,tropical,Taurus,7.7,1.848
13,tropical,Gemini,8.69,2.086
13,tropical,Cancer,9.18,2.203
13,tropical,Leo,8.91,2.138
13,tropical,Virgo,8.5,2.04
13,tropical,Libra,8.5,2.04
13,tropical,Scorpio,8.91,2.138
13,tropical,Sagittarius,9.18,2.203
13,tropical,Capricorn,8.69,2.086
13,tropical,Aquarius,7.7,1.848
13,tropical,Pisces,7.01,1.682
13,sidereal_lahiri,Aries,7.53,1.807
13,sidereal_lahiri,Taurus,8.52,2.045
13,sidereal_lahiri,Gemini,9.16,2.198
13,sidereal_lahiri,Cancer,9.0,2.16
13,sidereal_lahiri,Leo,8.56,2.054
13,sidereal_lahiri,Virgo,8.46,2.03
13,sidereal_lahiri,Libra,8.82,2.117
13,sidereal_lahiri,Scorpio,9.18,2.203
13,sidereal_lahiri,Sagittarius,8.85,2.124
13,sidereal_lahiri,Capricorn,7.89,1.894
13,sidereal_lahiri,Aquarius,7.09,1.702
13,sidereal_lahiri,Pisces,6.95,1.668
14,tropical,Aries,6.95,1.668
14,tropical,Taurus,7.66,1.838
14,tropical,Gemini,8.67,2.081
14,tropical,Cancer,9.21,2.21
14,tropical,Leo,8.96,2.15
14,tropical,Virgo,8.56,2.054
14,tropical,Libra,8.56,2.054
14,tropical,Scorpio,8.96,2.15
14,tropical,Sagittarius,9.21,2.21
14,tropical,Capricorn,8.67,2.081
14,tropical,Aquarius,7.66,1.838
14,tropical,Pisces,6.95,1.668
14,sidereal_lahiri,Aries,7.47,1.793
14,sidereal_lahiri,Taurus,8.49,2.038
14,sidereal_lahiri,Gemini,9.17,2.201
14,sidereal_lahiri,Cancer,9.04,2.17
14,sidereal_lahiri,Leo,8.61,2.066
14,sidereal_lahiri,Virgo,8.52,2.045
14,sidereal_lahiri,Libra,8.87,2.129
14,sidereal_lahiri,Scorpio,9.21,2.21
14,sidereal_lahiri,Sagittarius,8.84,2.122
14,sidereal_lahiri,Capricorn,7.85,1.884
14,sidereal_lahiri,Aquarius,7.04,1.69
14,sidereal_lahiri,Pisces,6.89,1.654
15,tropical,Aries,6.89,1.654
15,tropical,Taurus,7.61,1.826
15,tropical,Gemini,8.65,2.076
15,tropical,Cancer,9.22,2.213
15,tropical,Leo,9.01,2.162
15,tropical,Virgo,8.62,2.069
15,tropical,Libra,8.62,2.069
15,tropical,Scorpio,9.01,2.162
15,tropical,Sagittarius,9.22,2.213
15,tropical,Capricorn,8.65,2.076
15,tropical,Aquarius,7.61,1.826
15,tropical,Pisces,6.89,1.654
15,sidereal_lahiri,Aries,7.42,1.781
15,sidereal_lahiri,Taurus,8.46,2.03
15,sidereal_lahiri,Gemini,9.18,2.203
15,sidereal_lahiri,Cancer,9.09,2.182
15,sidereal_lahiri,Leo,8.68,2.083
15,sidereal_lahiri,Virgo,8.58,2.059
15,sidereal_lahiri,Libra,8.92,2.141
15,sidereal_lahiri,Scorpio,9.23,2.215
15,sidereal_lahiri,Sagittarius,8.83,2.119
15,sidereal_lahiri,Capricorn,7.8,1.872
15,sidereal_lahiri,Aquarius,6.97,1.673
15,sidereal_lahiri,Pisces,6.83,1.639
16,tropical,Aries,6.83,1.639
16,tropical,Taurus,7.56,1.814
16,tropical,Gemini,8.63,2.071
16,tropical,Cancer,9.24,2.218
16,tropical,Leo,9.06,2.174
16,tropical,Virgo,8.68,2.083
16,tropical,Libra,8.68,2.083
16,tropical,Scorpio,9.06,2.174
16,tropical,Sagittarius,9.24,2.218
16,tropical,Capricorn,8.63,2.071
16,tropical,Aquarius,7.56,1.814
16,tropical,Pisces,6.83,1.639
16,sidereal_lahiri,Aries,7.37,1.769
16,sidereal_lahiri,Taurus,8.44,2.026
16,sidereal_lahiri,Gemini,9.19,2.206
16,sidereal_lahiri,Cancer,9.13,2.191
16,sidereal_lahiri,Leo,8.74,2.098
16,sidereal_lahiri,Virgo,8.64,2.074
16,sidereal_lahiri,Libra,8.97,2.153
16,sidereal_lahiri,Scorpio,9.26,2.222
16,sidereal_lahiri,Sagittarius,8.81,2.114
16,sidereal_lahiri,Capricorn,7.76,1.862
16,sidereal_lahiri,Aquarius,6.91,1.658
16,sidereal_lahiri,Pisces,6.77,1.625
17,tropical,Aries,6.76,1.622
17,tropical,Taurus,7.51,1.802
17,tropical,Gemini,8.61,2.066
17,tropical,Cancer,9.27,2.225
17,tropical,Leo,9.11,2.186
17,tropical,Virgo,8.74,2.098
17,tropical,Libra,8.74,2.098
17,tropical,Scorpio,9.11,2.186
17,tropical,Sagittarius,9.27,2.225
17,tropical,Capricorn,8.61,2.066
17,tropical,Aquarius,7.51,1.802
17,tropical,Pisces,6.76,1.622
17,sidereal_lahiri,Aries,7.32,1.757
17,sidereal_lahiri,Taurus,8.41,2.018
17,sidereal_lahiri,Gemini,9.21,2.21
17,sidereal_lahiri,Cancer,9.18,2.203
17,sidereal_lahiri,Leo,8.79,2.11
17,sidereal_lahiri,Virgo,8.71,2.09
17,sidereal_lahiri,Libra,9.03,2.167
17,sidereal_lahiri,Scorpio,9.29,2.23
17,sidereal_lahiri,Sagittarius,8.8,2.112
17,sidereal_lahiri,Capricorn,7.71,1.85
17,sidereal_lahiri,Aquarius,6.86,1.646
17,sidereal_lahiri,Pisces,6.7,1.608
18,tropical,Aries,6.7,1.608
18,tropical,Taurus,7.46,1.79
18,tropical,Gemini,8.59,2.062
18,tropical,Cancer,9.29,2.23
18,tropical,Leo,9.16,2.198
18,tropical,Virgo,8.8,2.112
18,tropical,Libra,8.8,2.112
18,tropical,Scorpio,9.16,2.198
18,tropical,Sagittarius,9.29,2.23
18,tropical,Capricorn,8.59,2.062
18,tropical,Aquarius,7.46,1.79
18,tropical,Pisces,6.7,1.608
18,sidereal_lahiri,Aries,7.26,1.742
18,sidereal_lahiri,Taurus,8.38,2.011
18,sidereal_lahiri,Gemini,9.22,2.213
18,sidereal_lahiri,Cancer,9.23,2.215
18,sidereal_lahiri,Leo,8.86,2.126
18,sidereal_lahiri,Virgo,8.77,2.105
18,sidereal_lahiri,Libra,9.08,2.179
18,sidereal_lahiri,Scorpio,9.32,2.237
18,sidereal_lahiri,Sagittarius,8.79,2.11
18,sidereal_lahiri,Capricorn,7.67,1.841
18,sidereal_lahiri,Aquarius,6.79,1.63
18,sidereal_lahiri,Pisces,6.64,1.594
19,tropical,Aries,6.64,1.594
19,tropical,Taurus,7.41,1.778
19,tropical,Gemini,8.57,2.057
19,tropical,Cancer,9.31,2.234
19,tropical,Leo,9.21,2.21
19,tropical,Virgo,8.87,2.129
19,tropical,Libra,8.87,2.129
19,tropical,Scorpio,9.21,2.21
19,tropical,Sagittarius,9.31,2.234
19,tropical,Capricorn,8.57,2.057
19,tropical,Aquarius,7.41,1.778
19,tropical,Pisces,6.64,1.594
19,sidereal_lahiri,Aries,7.21,1.73
19,sidereal_lahiri,Taurus,8.35,2.004
19,sidereal_lahiri,Gemini,9.24,2.218
19,sidereal_lahiri,Cancer,9.27,2.225
19,sidereal_lahiri,Leo,8.92,2.141
19,sidereal_lahiri,Virgo,8.83,2.119
19,sidereal_lahiri,Libra,9.14,2.194
19,sidereal_lahiri,Scorpio,9.35,2.244
19,sidereal_lahiri,Sagittarius,8.77,2.105
19,sidereal_lahiri,Capricorn,7.62,1.829
19,sidereal_lahiri,Aquarius,6.73,1.615
19,sidereal_lahiri,Pisces,6.58,1.579
20,tropical,Aries,6.58,1.579
20,tropical,Taurus,7.35,1.764
20,tropical,Gemini,8.55,2.052
20,tropical,Cancer,9.33,2.239
20,tropical,Leo,9.26,2.222
20,tropical,Virgo,8.93,2.143
20,tropical,Libra,8.93,2.143
20,tropical,Scorpio,9.26,2.222
20,tropical,Sagittarius,9.33,2.239
20,tropical,Capricorn,8.55,2.052
20,tropical,Aquarius,7.35,1.764
20,tropical,Pisces,6.58,1.579
20,sidereal_lahiri,Aries,7.15,1.716
20,sidereal_lahiri,Taurus,8.32,1.997
20,sidereal_lahiri,Gemini,9.25,2.22
20,sidereal_lahiri,Cancer,9.32,2.237
20,sidereal_lahiri,Leo,8.98,2.155
20,sidereal_lahiri,Virgo,8.89,2.134
20,sidereal_lahiri,Libra,9.19,2.206
20,sidereal_lahiri,Scorpio,9.38,2.251
20,sidereal_lahiri,Sagittarius,8.76,2.102
20,sidereal_lahiri,Capricorn,7.57,1.817
20,sidereal_lahiri,Aquarius,6.67,1.601
20,sidereal_lahiri,Pisces,6.51,1.562
21,tropical,Aries,6.51,1.562
21,tropical,Taurus,7.3,1.752
21,tropical,Gemini,8.53,2.047
21,tropical,Cancer,9.35,2.244
21,tropical,Leo,9.32,2.237
21,tropical,Virgo,8.99,2.158
21,tropical,Libra,8.99,2.158
21,tropical,Scorpio,9.32,2.237
21,tropical,Sagittarius,9.35,2.244
21,tropical,Capricorn,8.53,2.047
21,tropical,Aquarius,7.3,1.752
21,tropical,Pisces,6.51,1.562
21,sidereal_lahiri,Aries,7.09,1.702
21,sidereal_lahiri,Taurus,8.29,1.99
21,sidereal_lahiri,Gemini,9.26,2.222
21,sidereal_lahiri,Cancer,9.37,2.249
21,sidereal_lahiri,Leo,9.04,2.17
21,sidereal_lahiri,Virgo,8.96,2.15
21,sidereal_lahiri,Libra,9.25,2.22
21,sidereal_lahiri,Scorpio,9.41,2.258
21,sidereal_lahiri,Sagittarius,8.74,2.098
21,sidereal_lahiri,Capricorn,7.52,1.805
21,sidereal_lahiri,Aquarius,6.61,1.586
21,sidereal_lahiri,Pisces,6.45,1.548
22,tropical,Aries,6.45,1.548
22,tropical,Taurus,7.24,1.738
22,tropical,Gemini,8.51,2.042
22,tropical,Cancer,9.38,2.251
22,tropical,Leo,9.37,2.249
22,tropical,Virgo,9.06,2.174
22,tropical,Libra,9.06,2.174
22,tropical,Scorpio,9.37,2.249
22,tropical,Sagittarius,9.38,2.251
22,tropical,Capricorn,8.51,2.042
22,tropical,Aquarius,7.24,1.738
22,tropical,Pisces,6.45,1.548
22,sidereal_lahiri,Aries,7.04,1.69
22,sidereal_lahiri,Taurus,8.26,1.982
22,sidereal_lahiri,Gemini,9.28,2.227
22,sidereal_lahiri,Cancer,9.42,2.261
22,sidereal_lahiri,Leo,9.11,2.186
22,sidereal_lahiri,Virgo,9.03,2.167
22,sidereal_lahiri,Libra,9.31,2.234
22,sidereal_lahiri,Scorpio,9.43,2.263
22,sidereal_lahiri,Sagittarius,8.73,2.095
22,sidereal_lahiri,Capricorn,7.47,1.793
22,sidereal_lahiri,Aquarius,6.54,1.57
22,sidereal_lahiri,Pisces,6.38,1.531
23,tropical,Aries,6.38,1.531
23,tropical,Taurus,7.19,1.726
23,tropical,Gemini,8.48,2.035
23,tropical,Cancer,9.39,2.254
23,tropical,Leo,9.43,2.263
23,tropical,Virgo,9.12,2.189
23,tropical,Libra,9.12,2.189
23,tropical,Scorpio,9.43,2.263
23,tropical,Sagittarius,9.39,2.254
23,tropical,Capricorn,8.48,2.035
23,tropical,Aquarius,7.19,1.726
23,tropical,Pisces,6.38,1.531
23,sidereal_lahiri,Aries,6.98,1.675
23,sidereal_lahiri,Taurus,8.23,1.975
23,sidereal_lahiri,Gemini,9.29,2.23
23,sidereal_lahiri,Cancer,9.47,2.273
23,sidereal_lahiri,Leo,9.17,2.201
23,sidereal_lahiri,Virgo,9.09,2.182
23,sidereal_lahiri,Libra,9.37,2.249
23,sidereal_lahiri,Scorpio,9.46,2.27
23,sidereal_lahiri,Sagittarius,8.72,2.093
23,sidereal_lahiri,Capricorn,7.42,1.781
23,sidereal_lahiri,Aquarius,6.48,1.555
23,sidereal_lahiri,Pisces,6.31,1.514
24,tropical,Aries,6.31,1.514
24,tropical,Taurus,7.14,1.714
24,tropical,Gemini,8.46,2.03
24,tropical,Cancer,9.42,2.261
24,tropical,Leo,9.48,2.275
24,tropical,Virgo,9.19,2.206
24,tropical,Libra,9.19,2.206
24,tropical,Scorpio,9.48,2.275
24,tropical,Sagittarius,9.42,2.261
24,tropical,Capricorn,8.46,2.03
24,tropical,Aquarius,7.14,1.714
24,tropical,Pisces,6.31,1.514
24,sidereal_lahiri,Aries,6.92,1.661
24,sidereal_lahiri,Taurus,8.2,1.968
24,sidereal_lahiri,Gemini,9.31,2.234
24,sidereal_lahiri,Cancer,9.52,2.285
24,sidereal_lahiri,Leo,9.24,2.218
24,sidereal_lahiri,Virgo,9.16,2.198
24,sidereal_lahiri,Libra,9.43,2.263
24,sidereal_lahiri,Scorpio,9.5,2.28
24,sidereal_lahiri,Sagittarius,8.7,2.088
24,sidereal_lahiri,Capricorn,7.37,1.769
24,sidereal_lahiri,Aquarius,6.41,1.538
24,sidereal_lahiri,Pisces,6.24,1.498
25,tropical,Aries,6.24,1.498
25,tropical,Taurus,7.08,1.699
25,tropical,Gemini,8.44,2.026
25,tropical,Cancer,9.44,2.266
25,tropical,Leo,9.54,2.29
25,tropical,Virgo,9.26,2.222
25,tropical,Libra,9.26,2.222
25,tropical,Scorpio,9.54,2.29
25,tropical,Sagittarius,9.44,2.266
25,tropical,Capricorn,8.44,2.026
25,tropical,Aquarius,7.08,1.699
25,tropical,Pisces,6.24,1.498
25,sidereal_lahiri,Aries,6.86,1.646
25,sidereal_lahiri,Taurus,8.17,1.961
25,sidereal_lahiri,Gemini,9.32,2.237
25,sidereal_lahiri,Cancer,9.57,2.297
25,sidereal_lahiri,Leo,9.31,2.234
25,sidereal_lahiri,Virgo,9.23,2.215
25,sidereal_lahiri,Libra,9.49,2.278
25,sidereal_lahiri,Scorpio,9.53,2.287
25,sidereal_lahiri,Sagittarius,8.69,2.086
25,sidereal_lahiri,Capricorn,7.32,1.757
25,sidereal_lahiri,Aquarius,6.34,1.522
25,sidereal_lahiri,Pisces,6.17,1.481
26,tropical,Aries,6.17,1.481
26,tropical,Taurus,7.02,1.685
26,tropical,Gemini,8.41,2.018
26,tropical,Cancer,9.47,2.273
26,tropical,Leo,9.59,2.302
26,tropical,Virgo,9.33,2.239
26,tropical,Libra,9.33,2.239
26,tropical,Scorpio,9.59,2.302
26,tropical,Sagittarius,9.47,2.273
26,tropical,Capricorn,8.41,2.018
26,tropical,Aquarius,7.02,1.685
26,tropical,Pisces,6.17,1.481
26,sidereal_lahiri,Aries,6.8,1.632
26,sidereal_lahiri,Taurus,8.14,1.954
26,sidereal_lahiri,Gemini,9.33,2.239
26,sidereal_lahiri,Cancer,9.63,2.311
26,sidereal_lahiri,Leo,9.37,2.249
26,sidereal_lahiri,Virgo,9.3,2.232
26,sidereal_lahiri,Libra,9.55,2.292
26,sidereal_lahiri,Scorpio,9.56,2.294
26,sidereal_lahiri,Sagittarius,8.67,2.081
26,sidereal_lahiri,Capricorn,7.27,1.745
26,sidereal_lahiri,Aquarius,6.28,1.507
26,sidereal_lahiri,Pisces,6.11,1.466
27,tropical,Aries,6.11,1.466
27,tropical,Taurus,6.96,1.67
27,tropical,Gemini,8.39,2.014
27,tropical,Cancer,9.49,2.278
27,tropical,Leo,9.65,2.316
27,tropical,Virgo,9.4,2.256
27,tropical,Libra,9.4,2.256
27,tropical,Scorpio,9.65,2.316
27,tropical,Sagittarius,9.49,2.278
27,tropical,Capricorn,8.39,2.014
27,tropical,Aquarius,6.96,1.67
27,tropical,Pisces,6.11,1.466
27,sidereal_lahiri,Aries,6.74,1.618
27,sidereal_lahiri,Taurus,8.1,1.944
27,sidereal_lahiri,Gemini,9.35,2.244
27,sidereal_lahiri,Cancer,9.68,2.323
27,sidereal_lahiri,Leo,9.44,2.266
27,sidereal_lahiri,Virgo,9.37,2.249
27,sidereal_lahiri,Libra,9.61,2.306
27,sidereal_lahiri,Scorpio,9.59,2.302
27,sidereal_lahiri,Sagittarius,8.66,2.078
27,sidereal_lahiri,Capricorn,7.21,1.73
27,sidereal_lahiri,Aquarius,6.21,1.49
27,sidereal_lahiri,Pisces,6.04,1.45
28,tropical,Aries,6.03,1.447
28,tropical,Taurus,6.9,1.656
28,tropical,Gemini,8.36,2.006
28,tropical,Cancer,9.52,2.285
28,tropical,Leo,9.71,2.33
28,tropical,Virgo,9.47,2.273
28,tropical,Libra,9.47,2.273
28,tropical,Scorpio,9.71,2.33
28,tropical,Sagittarius,9.52,2.285
28,tropical,Capricorn,8.36,2.006
28,tropical,Aquarius,6.9,1.656
28,tropical,Pisces,6.03,1.447
28,sidereal_lahiri,Aries,6.67,1.601
28,sidereal_lahiri,Taurus,8.07,1.937
28,sidereal_lahiri,Gemini,9.36,2.246
28,sidereal_lahiri,Cancer,9.74,2.338
28,sidereal_lahiri,Leo,9.51,2.282
28,sidereal_lahiri,Virgo,9.44,2.266
28,sidereal_lahiri,Libra,9.67,2.321
28,sidereal_lahiri,Scorpio,9.63,2.311
28,sidereal_lahiri,Sagittarius,8.64,2.074
28,sidereal_lahiri,Capricorn,7.16,1.718
28,sidereal_lahiri,Aquarius,6.14,1.474
28,sidereal_lahiri,Pisces,5.96,1.43
29,tropical,Aries,5.96,1.43
29,tropical,Taurus,6.84,1.642
29,tropical,Gemini,8.34,2.002
29,tropical,Cancer,9.54,2.29
29,tropical,Leo,9.77,2.345
29,tropical,Virgo,9.55,2.292
29,tropical,Libra,9.55,2.292
29,tropical,Scorpio,9.77,2.345
29,tropical,Sagittarius,9.54,2.29
29,tropical,Capricorn,8.34,2.002
29,tropical,Aquarius,6.84,1.642
29,tropical,Pisces,5.96,1.43
29,sidereal_lahiri,Aries,6.61,1.586
29,sidereal_lahiri,Taurus,8.04,1.93
29,sidereal_lahiri,Gemini,9.38,2.251
29,sidereal_lahiri,Cancer,9.79,2.35
29,sidereal_lahiri,Leo,9.59,2.302
29,sidereal_lahiri,Virgo,9.52,2.285
29,sidereal_lahiri,Libra,9.74,2.338
29,sidereal_lahiri,Scorpio,9.66,2.318
29,sidereal_lahiri,Sagittarius,8.63,2.071
29,sidereal_lahiri,Capricorn,7.1,1.704
29,sidereal_lahiri,Aquarius,6.06,1.454
29,sidereal_lahiri,Pisces,5.89,1.414
30,tropical,Aries,5.88,1.411
30,tropical,Taurus,6.78,1.627
30,tropical,Gemini,8.31,1.994
30,tropical,Cancer,9.57,2.297
30,tropical,Leo,9.84,2.362
30,tropical,Virgo,9.62,2.309
30,tropical,Libra,9.62,2.309
30,tropical,Scorpio,9.84,2.362
30,tropical,Sagittarius,9.57,2.297
30,tropical,Capricorn,8.31,1.994
30,tropical,Aquarius,6.78,1.627
30,tropical,Pisces,5.88,1.411
30,sidereal_lahiri,Aries,6.54,1.57
30,sidereal_lahiri,Taurus,8.0,1.92
30,sidereal_lahiri,Gemini,9.4,2.256
30,sidereal_lahiri,Cancer,9.85,2.364
30,sidereal_lahiri,Leo,9.66,2.318
30,sidereal_lahiri,Virgo,9.59,2.302
30,sidereal_lahiri,Libra,9.8,2.352
30,sidereal_lahiri,Scorpio,9.7,2.328
30,sidereal_lahiri,Sagittarius,8.61,2.066
30,sidereal_lahiri,Capricorn,7.04,1.69
30,sidereal_lahiri,Aquarius,5.99,1.438
30,sidereal_lahiri,Pisces,5.81,1.394
31,tropical,Aries,5.81,1.394
31,tropical,Taurus,6.71,1.61
31,tropical,Gemini,8.28,1.987
31,tropical,Cancer,9.59,2.302
31,tropical,Leo,9.9,2.376
31,tropical,Virgo,9.7,2.328
31,tropical,Libra,9.7,2.328
31,tropical,Scorpio,9.9,2.376
31,tropical,Sagittarius,9.59,2.302
31,tropical,Capricorn,8.28,1.987
31,tropical,Aquarius,6.71,1.61
31,tropical,Pisces,5.81,1.394
31,sidereal_lahiri,Aries,6.47,1.553
31,sidereal_lahiri,Taurus,7.96,1.91
31,sidereal_lahiri,Gemini,9.41,2.258
31,sidereal_lahiri,Cancer,9.91,2.378
31,sidereal_lahiri,Leo,9.73,2.335
31,sidereal_lahiri,Virgo,9.67,2.321
31,sidereal_lahiri,Libra,9.87,2.369
31,sidereal_lahiri,Scorpio,9.73,2.335
31,sidereal_lahiri,Sagittarius,8.59,2.062
31,sidereal_lahiri,Capricorn,6.99,1.678
31,sidereal_lahiri,Aquarius,5.91,1.418
31,sidereal_lahiri,Pisces,5.74,1.378
32,tropical,Aries,5.73,1.375
32,tropical,Taurus,6.65,1.596
32,tropical,Gemini,8.26,1.982
32,tropical,Cancer,9.62,2.309
32,tropical,Leo,9.96,2.39
32,tropical,Virgo,9.78,2.347
32,tropical,Libra,9.78,2.347
32,tropical,Scorpio,9.96,2.39
32,tropical,Sagittarius,9.62,2.309
32,tropical,Capricorn,8.26,1.982
32,tropical,Aquarius,6.65,1.596
32,tropical,Pisces,5.73,1.375
32,sidereal_lahiri,Aries,6.4,1.536
32,sidereal_lahiri,Taurus,7.92,1.901
32,sidereal_lahiri,Gemini,9.43,2.263
32,sidereal_lahiri,Cancer,9.97,2.393
32,sidereal_lahiri,Leo,9.81,2.354
32,sidereal_lahiri,Virgo,9.75,2.34
32,sidereal_lahiri,Libra,9.94,2.386
32,sidereal_lahiri,Scorpio,9.77,2.345
32,sidereal_lahiri,Sagittarius,8.57,2.057
32,sidereal_lahiri,Capricorn,6.92,1.661
32,sidereal_lahiri,Aquarius,5.84,1.402
32,sidereal_lahiri,Pisces,5.66,1.358
33,tropical,Aries,5.65,1.356
33,tropical,Taurus,6.58,1.579
33,tropical,Gemini,8.23,1.975
33,tropical,Cancer,9.65,2.316
33,tropical,Leo,10.03,2.407
33,tropical,Virgo,9.86,2.366
33,tropical,Libra,9.86,2.366
33,tropical,Scorpio,10.03,2.407
33,tropical,Sagittarius,9.65,2.316
33,tropical,Capricorn,8.23,1.975
33,tropical,Aquarius,6.58,1.579
33,tropical,Pisces,5.65,1.356
33,sidereal_lahiri,Aries,6.33,1.519
33,sidereal_lahiri,Taurus,7.89,1.894
33,sidereal_lahiri,Gemini,9.45,2.268
33,sidereal_lahiri,Cancer,10.03,2.407
33,sidereal_lahiri,Leo,9.89,2.374
33,sidereal_lahiri,Virgo,9.83,2.359
33,sidereal_lahiri,Libra,10.01,2.402
33,sidereal_lahiri,Scorpio,9.81,2.354
33,sidereal_lahiri,Sagittarius,8.56,2.054
33,sidereal_lahiri,Capricorn,6.86,1.646
33,sidereal_lahiri,Aquarius,5.76,1.382
33,sidereal_lahiri,Pisces,5.58,1.339
34,tropical,Aries,5.57,1.337
34,tropical,Taurus,6.51,1.562
34,tropical,Gemini,8.2,1.968
34,tropical,Cancer,9.68,2.323
34,tropical,Leo,10.1,2.424
34,tropical,Virgo,9.94,2.386
34,tropical,Libra,9.94,2.386
34,tropical,Scorpio,10.1,2.424
34,tropical,Sagittarius,9.68,2.323
34,tropical,Capricorn,8.2,1.968
34,tropical,Aquarius,6.51,1.562
34,tropical,Pisces,5.57,1.337
34,sidereal_lahiri,Aries,6.26,1.502
34,sidereal_lahiri,Taurus,7.85,1.884
34,sidereal_lahiri,Gemini,9.47,2.273
34,sidereal_lahiri,Cancer,10.1,2.424
34,sidereal_lahiri,Leo,9.97,2.393
34,sidereal_lahiri,Virgo,9.91,2.378
34,sidereal_lahiri,Libra,10.09,2.422
34,sidereal_lahiri,Scorpio,9.85,2.364
34,sidereal_lahiri,Sagittarius,8.54,2.05
34,sidereal_lahiri,Capricorn,6.8,1.632
34,sidereal_lahiri,Aquarius,5.67,1.361
34,sidereal_lahiri,Pisces,5.49,1.318
35,tropical,Aries,5.48,1.315
35,tropical,Taurus,6.44,1.546
35,tropical,Gemini,8.17,1.961
35,tropical,Cancer,9.71,2.33
35,tropical,Leo,10.18,2.443
35,tropical,Virgo,10.02,2.405
35,tropical,Libra,10.02,2.405
35,tropical,Scorpio,10.18,2.443
35,tropical,Sagittarius,9.71,2.33
35,tropical,Capricorn,8.17,1.961
35,tropical,Aquarius,6.44,1.546
35,tropical,Pisces,5.48,1.315
35,sidereal_lahiri,Aries,6.18,1.483
35,sidereal_lahiri,Taurus,7.81,1.874
35,sidereal_lahiri,Gemini,9.49,2.278
35,sidereal_lahiri,Cancer,10.16,2.438
35,sidereal_lahiri,Leo,10.06,2.414
35,sidereal_lahiri,Virgo,10.0,2.4
35,sidereal_lahiri,Libra,10.16,2.438
35,sidereal_lahiri,Scorpio,9.89,2.374
35,sidereal_lahiri,Sagittarius,8.52,2.045
35,sidereal_lahiri,Capricorn,6.73,1.615
35,sidereal_lahiri,Aquarius,5.59,1.342
35,sidereal_lahiri,Pisces,5.41,1.298
36,tropical,Aries,5.4,1.296
36,tropical,Taurus,6.37,1.529
36,tropical,Gemini,8.13,1.951
36,tropical,Cancer,9.74,2.338
36,tropical,Leo,10.25,2.46
36,tropical,Virgo,10.11,2.426
36,tropical,Libra,10.11,2.426
36,tropical,Scorpio,10.25,2.46
36,tropical,Sagittarius,9.74,2.338
36,tropical,Capricorn,8.13,1.951
36,tropical,Aquarius,6.37,1.529
36,tropical,Pisces,5.4,1.296
36,sidereal_lahiri,Aries,6.11,1.466
36,sidereal_lahiri,Taurus,7.76,1.862
36,sidereal_lahiri,Gemini,9.51,2.282
36,sidereal_lahiri,Cancer,10.23,2.455
36,sidereal_lahiri,Leo,10.14,2.434
36,sidereal_lahiri,Virgo,10.08,2.419
36,sidereal_lahiri,Libra,10.24,2.458
36,sidereal_lahiri,Scorpio,9.93,2.383
36,sidereal_lahiri,Sagittarius,8.5,2.04
36,sidereal_lahiri,Capricorn,6.66,1.598
36,sidereal_lahiri,Aquarius,5.51,1.322
36,sidereal_lahiri,Pisces,5.33,1.279
37,tropical,Aries,5.31,1.274
37,tropical,Taurus,6.29,1.51
37,tropical,Gemini,8.1,1.944
37,tropical,Cancer,9.78,2.347
37,tropical,Leo,10.32,2.477
37,tropical,Virgo,10.2,2.448
37,tropical,Libra,10.2,2.448
37,tropical,Scorpio,10.32,2.477
37,tropical,Sagittarius,9.78,2.347
37,tropical,Capricorn,8.1,1.944
37,tropical,Aquarius,6.29,1.51
37,tropical,Pisces,5.31,1.274
37,sidereal_lahiri,Aries,6.03,1.447
37,sidereal_lahiri,Taurus,7.72,1.853
37,sidereal_lahiri,Gemini,9.53,2.287
37,sidereal_lahiri,Cancer,10.3,2.472
37,sidereal_lahiri,Leo,10.22,2.453
37,sidereal_lahiri,Virgo,10.18,2.443
37,sidereal_lahiri,Libra,10.32,2.477
37,sidereal_lahiri,Scorpio,9.97,2.393
37,sidereal_lahiri,Sagittarius,8.48,2.035
37,sidereal_lahiri,Capricorn,6.59,1.582
37,sidereal_lahiri,Aquarius,5.42,1.301
37,sidereal_lahiri,Pisces,5.23,1.255
38,tropical,Aries,5.22,1.253
38,tropical,Taurus,6.21,1.49
38,tropical,Gemini,8.07,1.937
38,tropical,Cancer,9.81,2.354
38,tropical,Leo,10.4,2.496
38,tropical,Virgo,10.29,2.47
38,tropical,Libra,10.29,2.47
38,tropical,Scorpio,10.4,2.496
38,tropical,Sagittarius,9.81,2.354
38,tropical,Capricorn,8.07,1.937
38,tropical,Aquarius,6.21,1.49
38,tropical,Pisces,5.22,1.253
38,sidereal_lahiri,Aries,5.94,1.426
38,sidereal_lahiri,Taurus,7.67,1.841
38,sidereal_lahiri,Gemini,9.55,2.292
38,sidereal_lahiri,Cancer,10.38,2.491
38,sidereal_lahiri,Leo,10.32,2.477
38,sidereal_lahiri,Virgo,10.26,2.462
38,sidereal_lahiri,Libra,10.4,2.496
38,sidereal_lahiri,Scorpio,10.02,2.405
38,sidereal_lahiri,Sagittarius,8.46,2.03
38,sidereal_lahiri,Capricorn,6.52,1.565
38,sidereal_lahiri,Aquarius,5.33,1.279
38,sidereal_lahiri,Pisces,5.14,1.234
39,tropical,Aries,5.12,1.229
39,tropical,Taurus,6.13,1.471
39,tropical,Gemini,8.03,1.927
39,tropical,Cancer,9.85,2.364
39,tropical,Leo,10.48,2.515
39,tropical,Virgo,10.38,2.491
39,tropical,Libra,10.38,2.491
39,tropical,Scorpio,10.48,2.515
39,tropical,Sagittarius,9.85,2.364
39,tropical,Capricorn,8.03,1.927
39,tropical,Aquarius,6.13,1.471
39,tropical,Pisces,5.12,1.229
39,sidereal_lahiri,Aries,5.86,1.406
39,sidereal_lahiri,Taurus,7.63,1.831
39,sidereal_lahiri,Gemini,9.57,2.297
39,sidereal_lahiri,Cancer,10.45,2.508
39,sidereal_lahiri,Leo,10.41,2.498
39,sidereal_lahiri,Virgo,10.36,2.486
39,sidereal_lahiri,Libra,10.49,2.518
39,sidereal_lahiri,Scorpio,10.07,2.417
39,sidereal_lahiri,Sagittarius,8.43,2.023
39,sidereal_lahiri,Capricorn,6.44,1.546
39,sidereal_lahiri,Aquarius,5.24,1.258
39,sidereal_lahiri,Pisces,5.05,1.212
40,tropical,Aries,5.03,1.207
40,tropical,Taurus,6.05,1.452
40,tropical,Gemini,7.99,1.918
40,tropical,Cancer,9.88,2.371
40,tropical,Leo,10.57,2.537
40,tropical,Virgo,10.47,2.513
40,tropical,Libra,10.47,2.513
40,tropical,Scorpio,10.57,2.537
40,tropical,Sagittarius,9.88,2.371
40,tropical,Capricorn,7.99,1.918
40,tropical,Aquarius,6.05,1.452
40,tropical,Pisces,5.03,1.207
40,sidereal_lahiri,Aries,5.77,1.385
40,sidereal_lahiri,Taurus,7.58,1.819
40,sidereal_lahiri,Gemini,9.59,2.302
40,sidereal_lahiri,Cancer,10.53,2.527
40,sidereal_lahiri,Leo,10.51,2.522
40,sidereal_lahiri,Virgo,10.45,2.508
40,sidereal_lahiri,Libra,10.57,2.537
40,sidereal_lahiri,Scorpio,10.12,2.429
40,sidereal_lahiri,Sagittarius,8.41,2.018
40,sidereal_lahiri,Capricorn,6.37,1.529
40,sidereal_lahiri,Aquarius,5.14,1.234
40,sidereal_lahiri,Pisces,4.95,1.188
41,tropical,Aries,4.93,1.183
41,tropical,Taurus,5.96,1.43
41,tropical,Gemini,7.96,1.91
41,tropical,Cancer,9.92,2.381
41,tropical,Leo,10.65,2.556
41,tropical,Virgo,10.57,2.537
41,tropical,Libra,10.57,2.537
41,tropical,Scorpio,10.65,2.556
41,tropical,Sagittarius,9.92,2.381
41,tropical,Capricorn,7.96,1.91
41,tropical,Aquarius,5.96,1.43
41,tropical,Pisces,4.93,1.183
41,sidereal_lahiri,Aries,5.68,1.363
41,sidereal_lahiri,Taurus,7.53,1.807
41,sidereal_lahiri,Gemini,9.62,2.309
41,sidereal_lahiri,Cancer,10.61,2.546
41,sidereal_lahiri,Leo,10.6,2.544
41,sidereal_lahiri,Virgo,10.55,2.532
41,sidereal_lahiri,Libra,10.67,2.561
41,sidereal_lahiri,Scorpio,10.17,2.441
41,sidereal_lahiri,Sagittarius,8.39,2.014
41,sidereal_lahiri,Capricorn,6.28,1.507
41,sidereal_lahiri,Aquarius,5.05,1.212
41,sidereal_lahiri,Pisces,4.85,1.164
42,tropical,Aries,4.83,1.159
42,tropical,Taurus,5.88,1.411
42,tropical,Gemini,7.91,1.898
42,tropical,Cancer,9.96,2.39
42,tropical,Leo,10.74,2.578
42,tropical,Virgo,10.68,2.563
42,tropical,Libra,10.68,2.563
42,tropical,Scorpio,10.74,2.578
42,tropical,Sagittarius,9.96,2.39
42,tropical,Capricorn,7.91,1.898
42,tropical,Aquarius,5.88,1.411
42,tropical,Pisces,4.83,1.159
42,sidereal_lahiri,Aries,5.59,1.342
42,sidereal_lahiri,Taurus,7.47,1.793
42,sidereal_lahiri,Gemini,9.65,2.316
42,sidereal_lahiri,Cancer,10.69,2.566
42,sidereal_lahiri,Leo,10.71,2.57
42,sidereal_lahiri,Virgo,10.66,2.558
42,sidereal_lahiri,Libra,10.76,2.582
42,sidereal_lahiri,Scorpio,10.22,2.453
42,sidereal_lahiri,Sagittarius,8.36,2.006
42,sidereal_lahiri,Capricorn,6.2,1.488
42,sidereal_lahiri,Aquarius,4.94,1.186
42,sidereal_lahiri,Pisces,4.75,1.14
43,tropical,Aries,4.72,1.133
43,tropical,Taurus,5.78,1.387
43,tropical,Gemini,7.87,1.889
43,tropical,Cancer,10.01,2.402
43,tropical,Leo,10.84,2.602
43,tropical,Virgo,10.78,2.587
43,tropical,Libra,10.78,2.587
43,tropical,Scorpio,10.84,2.602
43,tropical,Sagittarius,10.01,2.402
43,tropical,Capricorn,7.87,1.889
43,tropical,Aquarius,5.78,1.387
43,tropical,Pisces,4.72,1.133
43,sidereal_lahiri,Aries,5.49,1.318
43,sidereal_lahiri,Taurus,7.42,1.781
43,sidereal_lahiri,Gemini,9.67,2.321
43,sidereal_lahiri,Cancer,10.78,2.587
43,sidereal_lahiri,Leo,10.81,2.594
43,sidereal_lahiri,Virgo,10.76,2.582
43,sidereal_lahiri,Libra,10.86,2.606
43,sidereal_lahiri,Scorpio,10.28,2.467
43,sidereal_lahiri,Sagittarius,8.33,1.999
43,sidereal_lahiri,Capricorn,6.11,1.466
43,sidereal_lahiri,Aquarius,4.84,1.162
43,sidereal_lahiri,Pisces,4.64,1.114
44,tropical,Aries,4.61,1.106
44,tropical,Taurus,5.68,1.363
44,tropical,Gemini,7.83,1.879
44,tropical,Cancer,10.05,2.412
44,tropical,Leo,10.93,2.623
44,tropical,Virgo,10.89,2.614
44,tropical,Libra,10.89,2.614
44,tropical,Scorpio,10.93,2.623
44,tropical,Sagittarius,10.05,2.412
44,tropical,Capricorn,7.83,1.879
44,tropical,Aquarius,5.68,1.363
44,tropical,Pisces,4.61,1.106
44,sidereal_lahiri,Aries,5.39,1.294
44,sidereal_lahiri,Taurus,7.36,1.766
44,sidereal_lahiri,Gemini,9.7,2.328
44,sidereal_lahiri,Cancer,10.87,2.609
44,sidereal_lahiri,Leo,10.92,2.621
44,sidereal_lahiri,Virgo,10.87,2.609
44,sidereal_lahiri,Libra,10.96,2.63
44,sidereal_lahiri,Scorpio,10.34,2.482
44,sidereal_lahiri,Sagittarius,8.31,1.994
44,sidereal_lahiri,Capricorn,6.02,1.445
44,sidereal_lahiri,Aquarius,4.73,1.135
44,sidereal_lahiri,Pisces,4.54,1.09
45,tropical,Aries,4.5,1.08
45,tropical,Taurus,5.58,1.339
45,tropical,Gemini,7.78,1.867
45,tropical,Cancer,10.09,2.422
45,tropical,Leo,11.04,2.65
45,tropical,Virgo,11.01,2.642
45,tropical,Libra,11.01,2.642
45,tropical,Scorpio,11.04,2.65
45,tropical,Sagittarius,10.09,2.422
45,tropical,Capricorn,7.78,1.867
45,tropical,Aquarius,5.58,1.339
45,tropical,Pisces,4.5,1.08
45,sidereal_lahiri,Aries,5.28,1.267
45,sidereal_lahiri,Taurus,7.29,1.75
45,sidereal_lahiri,Gemini,9.73,2.335
45,sidereal_lahiri,Cancer,10.97,2.633
45,sidereal_lahiri,Leo,11.03,2.647
45,sidereal_lahiri,Virgo,10.99,2.638
45,sidereal_lahiri,Libra,11.06,2.654
45,sidereal_lahiri,Scorpio,10.4,2.496
45,sidereal_lahiri,Sagittarius,8.28,1.987
45,sidereal_lahiri,Capricorn,5.92,1.421
45,sidereal_lahiri,Aquarius,4.62,1.109
45,sidereal_lahiri,Pisces,4.42,1.061
46,tropical,Aries,4.38,1.051
46,tropical,Taurus,5.47,1.313
46,tropical,Gemini,7.73,1.855
46,tropical,Cancer,10.15,2.436
46,tropical,Leo,11.14,2.674
46,tropical,Virgo,11.12,2.669
46,tropical,Libra,11.12,2.669
46,tropical,Scorpio,11.14,2.674
46,tropical,Sagittarius,10.15,2.436
46,tropical,Capricorn,7.73,1.855
46,tropical,Aquarius,5.47,1.313
46,tropical,Pisces,4.38,1.051
46,sidereal_lahiri,Aries,5.17,1.241
46,sidereal_lahiri,Taurus,7.23,1.735
46,sidereal_lahiri,Gemini,9.76,2.342
46,sidereal_lahiri,Cancer,11.07,2.657
46,sidereal_lahiri,Leo,11.15,2.676
46,sidereal_lahiri,Virgo,11.1,2.664
46,sidereal_lahiri,Libra,11.18,2.683
46,sidereal_lahiri,Scorpio,10.47,2.513
46,sidereal_lahiri,Sagittarius,8.24,1.978
46,sidereal_lahiri,Capricorn,5.83,1.399
46,sidereal_lahiri,Aquarius,4.5,1.08
46,sidereal_lahiri,Pisces,4.31,1.034
47,tropical,Aries,4.26,1.022
47,tropical,Taurus,5.36,1.286
47,tropical,Gemini,7.68,1.843
47,tropical,Cancer,10.2,2.448
47,tropical,Leo,11.25,2.7
47,tropical,Virgo,11.24,2.698
47,tropical,Libra,11.24,2.698
47,tropical,Scorpio,11.25,2.7
47,tropical,Sagittarius,10.2,2.448
47,tropical,Capricorn,7.68,1.843
47,tropical,Aquarius,5.36,1.286
47,tropical,Pisces,4.26,1.022
47,sidereal_lahiri,Aries,5.06,1.214
47,sidereal_lahiri,Taurus,7.16,1.718
47,sidereal_lahiri,Gemini,9.8,2.352
47,sidereal_lahiri,Cancer,11.17,2.681
47,sidereal_lahiri,Leo,11.27,2.705
47,sidereal_lahiri,Virgo,11.22,2.693
47,sidereal_lahiri,Libra,11.29,2.71
47,sidereal_lahiri,Scorpio,10.54,2.53
47,sidereal_lahiri,Sagittarius,8.21,1.97
47,sidereal_lahiri,Capricorn,5.72,1.373
47,sidereal_lahiri,Aquarius,4.38,1.051
47,sidereal_lahiri,Pisces,4.18,1.003
48,tropical,Aries,4.14,0.994
48,tropical,Taurus,5.24,1.258
48,tropical,Gemini,7.62,1.829
48,tropical,Cancer,10.25,2.46
48,tropical,Leo,11.37,2.729
48,tropical,Virgo,11.37,2.729
48,tropical,Libra,11.37,2.729
48,tropical,Scorpio,11.37,2.729
48,tropical,Sagittarius,10.25,2.46
48,tropical,Capricorn,7.62,1.829
48,tropical,Aquarius,5.24,1.258
48,tropical,Pisces,4.14,0.994
48,sidereal_lahiri,Aries,4.93,1.183
48,sidereal_lahiri,Taurus,7.09,1.702
48,sidereal_lahiri,Gemini,9.83,2.359
48,sidereal_lahiri,Cancer,11.29,2.71
48,sidereal_lahiri,Leo,11.39,2.734
48,sidereal_lahiri,Virgo,11.35,2.724
48,sidereal_lahiri,Libra,11.41,2.738
48,sidereal_lahiri,Scorpio,10.61,2.546
48,sidereal_lahiri,Sagittarius,8.18,1.963
48,sidereal_lahiri,Capricorn,5.61,1.346
48,sidereal_lahiri,Aquarius,4.26,1.022
48,sidereal_lahiri,Pisces,4.05,0.972
49,tropical,Aries,4.0,0.96
49,tropical,Taurus,5.12,1.229
49,tropical,Gemini,7.56,1.814
49,tropical,Cancer,10.31,2.474
49,tropical,Leo,11.49,2.758
49,tropical,Virgo,11.5,2.76
49,tropical,Libra,11.5,2.76
49,tropical,Scorpio,11.49,2.758
49,tropical,Sagittarius,10.31,2.474
49,tropical,Capricorn,7.56,1.814
49,tropical,Aquarius,5.12,1.229
49,tropical,Pisces,4.0,0.96
49,sidereal_lahiri,Aries,4.81,1.154
49,sidereal_lahiri,Taurus,7.01,1.682
49,sidereal_lahiri,Gemini,9.87,2.369
49,sidereal_lahiri,Cancer,11.4,2.736
49,sidereal_lahiri,Leo,11.53,2.767
49,sidereal_lahiri,Virgo,11.49,2.758
49,sidereal_lahiri,Libra,11.54,2.77
49,sidereal_lahiri,Scorpio,10.69,2.566
49,sidereal_lahiri,Sagittarius,8.14,1.954
49,sidereal_lahiri,Capricorn,5.49,1.318
49,sidereal_lahiri,Aquarius,4.12,0.989
49,sidereal_lahiri,Pisces,3.92,0.941
50,tropical,Aries,3.87,0.929
50,tropical,Taurus,4.99,1.198
50,tropical,Gemini,7.5,1.8
50,tropical,Cancer,10.38,2.491
50,tropical,Leo,11.62,2.789
50,tropical,Virgo,11.64,2.794
50,tropical,Libra,11.64,2.794
50,tropical,Scorpio,11.62,2.789
50,tropical,Sagittarius,10.38,2.491
50,tropical,Capricorn,7.5,1.8
50,tropical,Aquarius,4.99,1.198
50,tropical,Pisces,3.87,0.929
50,sidereal_lahiri,Aries,4.67,1.121
50,sidereal_lahiri,Taurus,6.92,1.661
50,sidereal_lahiri,Gemini,9.91,2.378
50,sidereal_lahiri,Cancer,11.53,2.767
50,sidereal_lahiri,Leo,11.66,2.798
50,sidereal_lahiri,Virgo,11.62,2.789
50,sidereal_lahiri,Libra,11.67,2.801
50,sidereal_lahiri,Scorpio,10.77,2.585
50,sidereal_lahiri,Sagittarius,8.1,1.944
50,sidereal_lahiri,Capricorn,5.37,1.289
50,sidereal_lahiri,Aquarius,3.99,0.958
50,sidereal_lahiri,Pisces,3.79,0.91
51,tropical,Aries,3.72,0.893
51,tropical,Taurus,4.86,1.166
51,tropical,Gemini,7.43,1.783
51,tropical,Cancer,10.45,2.508
51,tropical,Leo,11.76,2.822
51,tropical,Virgo,11.78,2.827
51,tropical,Libra,11.78,2.827
51,tropical,Scorpio,11.76,2.822
51,tropical,Sagittarius,10.45,2.508
51,tropical,Capricorn,7.43,1.783
51,tropical,Aquarius,4.86,1.166
51,tropical,Pisces,3.72,0.893
51,sidereal_lahiri,Aries,4.53,1.087
51,sidereal_lahiri,Taurus,6.83,1.639
51,sidereal_lahiri,Gemini,9.96,2.39
51,sidereal_lahiri,Cancer,11.66,2.798
51,sidereal_lahiri,Leo,11.81,2.834
51,sidereal_lahiri,Virgo,11.76,2.822
51,sidereal_lahiri,Libra,11.82,2.837
51,sidereal_lahiri,Scorpio,10.86,2.606
51,sidereal_lahiri,Sagittarius,8.06,1.934
51,sidereal_lahiri,Capricorn,5.24,1.258
51,sidereal_lahiri,Aquarius,3.84,0.922
51,sidereal_lahiri,Pisces,3.64,0.874
52,tropical,Aries,3.57,0.857
52,tropical,Taurus,4.71,1.13
52,tropical,Gemini,7.36,1.766
52,tropical,Cancer,10.52,2.525
52,tropical,Leo,11.91,2.858
52,tropical,Virgo,11.94,2.866
52,tropical,Libra,11.94,2.866
52,tropical,Scorpio,11.91,2.858
52,tropical,Sagittarius,10.52,2.525
52,tropical,Capricorn,7.36,1.766
52,tropical,Aquarius,4.71,1.13
52,tropical,Pisces,3.57,0.857
52,sidereal_lahiri,Aries,4.38,1.051
52,sidereal_lahiri,Taurus,6.74,1.618
52,sidereal_lahiri,Gemini,10.0,2.4
52,sidereal_lahiri,Cancer,11.8,2.832
52,sidereal_lahiri,Leo,11.96,2.87
52,sidereal_lahiri,Virgo,11.92,2.861
52,sidereal_lahiri,Libra,11.96,2.87
52,sidereal_lahiri,Scorpio,10.96,2.63
52,sidereal_lahiri,Sagittarius,8.01,1.922
52,sidereal_lahiri,Capricorn,5.1,1.224
52,sidereal_lahiri,Aquarius,3.69,0.886
52,sidereal_lahiri,Pisces,3.49,0.838
53,tropical,Aries,3.41,0.818
53,tropical,Taurus,4.55,1.092
53,tropical,Gemini,7.28,1.747
53,tropical,Cancer,10.6,2.544
53,tropical,Leo,12.06,2.894
53,tropical,Virgo,12.09,2.902
53,tropical,Libra,12.09,2.902
53,tropical,Scorpio,12.06,2.894
53,tropical,Sagittarius,10.6,2.544
53,tropical,Capricorn,7.28,1.747
53,tropical,Aquarius,4.55,1.092
53,tropical,Pisces,3.41,0.818
53,sidereal_lahiri,Aries,4.22,1.013
53,sidereal_lahiri,Taurus,6.63,1.591
53,sidereal_lahiri,Gemini,10.05,2.412
53,sidereal_lahiri,Cancer,11.95,2.868
53,sidereal_lahiri,Leo,12.11,2.906
53,sidereal_lahiri,Virgo,12.07,2.897
53,sidereal_lahiri,Libra,12.12,2.909
53,sidereal_lahiri,Scorpio,11.06,2.654
53,sidereal_lahiri,Sagittarius,7.96,1.91
53,sidereal_lahiri,Capricorn,4.95,1.188
53,sidereal_lahiri,Aquarius,3.53,0.847
53,sidereal_lahiri,Pisces,3.34,0.802
54,tropical,Aries,3.25,0.78
54,tropical,Taurus,4.39,1.054
54,tropical,Gemini,7.19,1.726
54,tropical,Cancer,10.69,2.566
54,tropical,Leo,12.23,2.935
54,tropical,Virgo,12.26,2.942
54,tropical,Libra,12.26,2.942
54,tropical,Scorpio,12.23,2.935
54,tropical,Sagittarius,10.69,2.566
54,tropical,Capricorn,7.19,1.726
54,tropical,Aquarius,4.39,1.054
54,tropical,Pisces,3.25,0.78
54,sidereal_lahiri,Aries,4.06,0.974
54,sidereal_lahiri,Taurus,6.52,1.565
54,sidereal_lahiri,Gemini,10.11,2.426
54,sidereal_lahiri,Cancer,12.11,2.906
54,sidereal_lahiri,Leo,12.28,2.947
54,sidereal_lahiri,Virgo,12.24,2.938
54,sidereal_lahiri,Libra,12.29,2.95
54,sidereal_lahiri,Scorpio,11.18,2.683
54,sidereal_lahiri,Sagittarius,7.9,1.896
54,sidereal_lahiri,Capricorn,4.79,1.15
54,sidereal_lahiri,Aquarius,3.37,0.809
54,sidereal_lahiri,Pisces,3.17,0.761
55,tropical,Aries,3.07,0.737
55,tropical,Taurus,4.21,1.01
55,tropical,Gemini,7.09,1.702
55,tropical,Cancer,10.79,2.59
55,tropical,Leo,12.41,2.978
55,tropical,Virgo,12.43,2.983
55,tropical,Libra,12.43,2.983
55,tropical,Scorpio,12.41,2.978
55,tropical,Sagittarius,10.79,2.59
55,tropical,Capricorn,7.09,1.702
55,tropical,Aquarius,4.21,1.01
55,tropical,Pisces,3.07,0.737
55,sidereal_lahiri,Aries,3.88,0.931
55,sidereal_lahiri,Taurus,6.39,1.534
55,sidereal_lahiri,Gemini,10.17,2.441
55,sidereal_lahiri,Cancer,12.28,2.947
55,sidereal_lahiri,Leo,12.46,2.99
55,sidereal_lahiri,Virgo,12.41,2.978
55,sidereal_lahiri,Libra,12.47,2.993
55,sidereal_lahiri,Scorpio,11.31,2.714
55,sidereal_lahiri,Sagittarius,7.83,1.879
55,sidereal_lahiri,Capricorn,4.61,1.106
55,sidereal_lahiri,Aquarius,3.19,0.766
55,sidereal_lahiri,Pisces,2.99,0.718
56,tropical,Aries,2.89,0.694
56,tropical,Taurus,4.02,0.965
56,tropical,Gemini,6.98,1.675
56,tropical,Cancer,10.9,2.616
56,tropical,Leo,12.6,3.024
56,tropical,Virgo,12.62,3.029
56,tropical,Libra,12.62,3.029
56,tropical,Scorpio,12.6,3.024
56,tropical,Sagittarius,10.9,2.616
56,tropical,Capricorn,6.98,1.675
56,tropical,Aquarius,4.02,0.965
56,tropical,Pisces,2.89,0.694
56,sidereal_lahiri,Aries,3.68,0.883
56,sidereal_lahiri,Taurus,6.25,1.5
56,sidereal_lahiri,Gemini,10.24,2.458
56,sidereal_lahiri,Cancer,12.47,2.993
56,sidereal_lahiri,Leo,12.65,3.036
56,sidereal_lahiri,Virgo,12.59,3.022
56,sidereal_lahiri,Libra,12.66,3.038
56,sidereal_lahiri,Scorpio,11.44,2.746
56,sidereal_lahiri,Sagittarius,7.77,1.865
56,sidereal_lahiri,Capricorn,4.42,1.061
56,sidereal_lahiri,Aquarius,3.0,0.72
56,sidereal_lahiri,Pisces,2.81,0.674
57,tropical,Aries,2.69,0.646
57,tropical,Taurus,3.81,0.914
57,tropical,Gemini,6.86,1.646
57,tropical,Cancer,11.02,2.645
57,tropical,Leo,12.81,3.074
57,tropical,Virgo,12.81,3.074
57,tropical,Libra,12.81,3.074
57,tropical,Scorpio,12.81,3.074
57,tropical,Sagittarius,11.02,2.645
57,tropical,Capricorn,6.86,1.646
57,tropical,Aquarius,3.81,0.914
57,tropical,Pisces,2.69,0.646
57,sidereal_lahiri,Aries,3.48,0.835
57,sidereal_lahiri,Taurus,6.1,1.464
57,sidereal_lahiri,Gemini,10.32,2.477
57,sidereal_lahiri,Cancer,12.68,3.043
57,sidereal_lahiri,Leo,12.84,3.082
57,sidereal_lahiri,Virgo,12.78,3.067
57,sidereal_lahiri,Libra,12.87,3.089
57,sidereal_lahiri,Scorpio,11.6,2.784
57,sidereal_lahiri,Sagittarius,7.69,1.846
57,sidereal_lahiri,Capricorn,4.22,1.013
57,sidereal_lahiri,Aquarius,2.81,0.674
57,sidereal_lahiri,Pisces,2.62,0.629
58,tropical,Aries,2.49,0.598
58,tropical,Taurus,3.58,0.859
58,tropical,Gemini,6.72,1.613
58,tropical,Cancer,11.15,2.676
58,tropical,Leo,13.03,3.127
58,tropical,Virgo,13.02,3.125
58,tropical,Libra,13.02,3.125
58,tropical,Scorpio,13.03,3.127
58,tropical,Sagittarius,11.15,2.676
58,tropical,Capricorn,6.72,1.613
58,tropical,Aquarius,3.58,0.859
58,tropical,Pisces,2.49,0.598
58,sidereal_lahiri,Aries,3.25,0.78
58,sidereal_lahiri,Taurus,5.92,1.421
58,sidereal_lahiri,Gemini,10.41,2.498
58,sidereal_lahiri,Cancer,12.9,3.096
58,sidereal_lahiri,Leo,13.05,3.132
58,sidereal_lahiri,Virgo,12.99,3.118
58,sidereal_lahiri,Libra,13.09,3.142
58,sidereal_lahiri,Scorpio,11.77,2.825
58,sidereal_lahiri,Sagittarius,7.6,1.824
58,sidereal_lahiri,Capricorn,3.99,0.958
58,sidereal_lahiri,Aquarius,2.59,0.622
58,sidereal_lahiri,Pisces,2.42,0.581
59,tropical,Aries,2.27,0.545
59,tropical,Taurus,3.34,0.802
59,tropical,Gemini,6.57,1.577
59,tropical,Cancer,11.31,2.714
59,tropical,Leo,13.28,3.187
59,tropical,Virgo,13.24,3.178
59,tropical,Libra,13.24,3.178
59,tropical,Scorpio,13.28,3.187
59,tropical,Sagittarius,11.31,2.714
59,tropical,Capricorn,6.57,1.577
59,tropical,Aquarius,3.34,0.802
59,tropical,Pisces,2.27,0.545
59,sidereal_lahiri,Aries,3.01,0.722
59,sidereal_lahiri,Taurus,5.72,1.373
59,sidereal_lahiri,Gemini,10.52,2.525
59,sidereal_lahiri,Cancer,13.15,3.156
59,sidereal_lahiri,Leo,13.28,3.187
59,sidereal_lahiri,Virgo,13.21,3.17
59,sidereal_lahiri,Libra,13.34,3.202
59,sidereal_lahiri,Scorpio,11.97,2.873
59,sidereal_lahiri,Sagittarius,7.49,1.798
59,sidereal_lahiri,Capricorn,3.74,0.898
59,sidereal_lahiri,Aquarius,2.37,0.569
59,sidereal_lahiri,Pisces,2.2,0.528
60,tropical,Aries,2.04,0.49
60,tropical,Taurus,3.06,0.734
60,tropical,Gemini,6.38,1.531
60,tropical,Cancer,11.5,2.76
60,tropical,Leo,13.55,3.252
60,tropical,Virgo,13.47,3.233
60,tropical,Libra,13.47,3.233
60,tropical,Scorpio,13.55,3.252
60,tropical,Sagittarius,11.5,2.76
60,tropical,Capricorn,6.38,1.531
60,tropical,Aquarius,3.06,0.734
60,tropical,Pisces,2.04,0.49
60,sidereal_lahiri,Aries,2.74,0.658
60,sidereal_lahiri,Taurus,5.49,1.318
60,sidereal_lahiri,Gemini,10.64,2.554
60,sidereal_lahiri,Cancer,13.43,3.223
60,sidereal_lahiri,Leo,13.51,3.242
60,sidereal_lahiri,Virgo,13.43,3.223
60,sidereal_lahiri,Libra,13.6,3.264
60,sidereal_lahiri,Scorpio,12.21,2.93
60,sidereal_lahiri,Sagittarius,7.37,1.769
60,sidereal_lahiri,Capricorn,3.47,0.833
60,sidereal_lahiri,Aquarius,2.14,0.514
60,sidereal_lahiri,Pisces,1.97,0.473
61,tropical,Aries,1.79,0.43
61,tropical,Taurus,2.76,0.662
61,tropical,Gemini,6.16,1.478
61,tropical,Cancer,11.72,2.813
61,tropical,Leo,13.86,3.326
61,tropical,Virgo,13.72,3.293
61,tropical,Libra,13.72,3.293
61,tropical,Scorpio,13.86,3.326
61,tropical,Sagittarius,11.72,2.813
61,tropical,Capricorn,6.16,1.478
61,tropical,Aquarius,2.76,0.662
61,tropical,Pisces,1.79,0.43
61,sidereal_lahiri,Aries,2.45,0.588
61,sidereal_lahiri,Taurus,5.22,1.253
61,sidereal_lahiri,Gemini,10.79,2.59
61,sidereal_lahiri,Cancer,13.74,3.298
61,sidereal_lahiri,Leo,13.77,3.305
61,sidereal_lahiri,Virgo,13.68,3.283
61,sidereal_lahiri,Libra,13.89,3.334
61,sidereal_lahiri,Scorpio,12.48,2.995
61,sidereal_lahiri,Sagittarius,7.22,1.733
61,sidereal_lahiri,Capricorn,3.15,0.756
61,sidereal_lahiri,Aquarius,1.88,0.451
61,sidereal_lahiri,Pisces,1.73,0.415
62,tropical,Aries,1.52,0.365
62,tropical,Taurus,2.42,0.581
62,tropical,Gemini,5.89,1.414
62,tropical,Cancer,11.99,2.878
62,tropical,Leo,14.2,3.408
62,tropical,Virgo,13.99,3.358
62,tropical,Libra,13.99,3.358
62,tropical,Scorpio,14.2,3.408
62,tropical,Sagittarius,11.99,2.878
62,tropical,Capricorn,5.89,1.414
62,tropical,Aquarius,2.42,0.581
62,tropical,Pisces,1.52,0.365
62,sidereal_lahiri,Aries,2.13,0.511
62,sidereal_lahiri,Taurus,4.89,1.174
62,sidereal_lahiri,Gemini,10.97,2.633
62,sidereal_lahiri,Cancer,14.09,3.382
62,sidereal_lahiri,Leo,14.05,3.372
62,sidereal_lahiri,Virgo,13.94,3.346
62,sidereal_lahiri,Libra,14.22,3.413
62,sidereal_lahiri,Scorpio,12.81,3.074
62,sidereal_lahiri,Sagittarius,7.04,1.69
62,sidereal_lahiri,Capricorn,2.8,0.672
62,sidereal_lahiri,Aquarius,1.6,0.384
62,sidereal_lahiri,Pisces,1.47,0.353
63,tropical,Aries,1.23,0.295
63,tropical,Taurus,2.03,0.487
63,tropical,Gemini,5.54,1.33
63,tropical,Cancer,12.34,2.962
63,tropical,Leo,14.58,3.499
63,tropical,Virgo,14.27,3.425
63,tropical,Libra,14.27,3.425
63,tropical,Scorpio,14.58,3.499
63,tropical,Sagittarius,12.34,2.962
63,tropical,Capricorn,5.54,1.33
63,tropical,Aquarius,2.03,0.487
63,tropical,Pisces,1.23,0.295
63,sidereal_lahiri,Aries,1.77,0.425
63,sidereal_lahiri,Taurus,4.47,1.073
63,sidereal_lahiri,Gemini,11.21,2.69
63,sidereal_lahiri,Cancer,14.51,3.482
63,sidereal_lahiri,Leo,14.34,3.442
63,sidereal_lahiri,Virgo,14.22,3.413
63,sidereal_lahiri,Libra,14.58,3.499
63,sidereal_lahiri,Scorpio,13.22,3.173
63,sidereal_lahiri,Sagittarius,6.8,1.632
63,sidereal_lahiri,Capricorn,2.38,0.571
63,sidereal_lahiri,Aquarius,1.31,0.314
63,sidereal_lahiri,Pisces,1.19,0.286
64,tropical,Aries,0.92,0.221
64,tropical,Taurus,1.59,0.382
64,tropical,Gemini,5.07,1.217
64,tropical,Cancer,12.81,3.074
64,tropical,Leo,15.03,3.607
64,tropical,Virgo,14.58,3.499
64,tropical,Libra,14.58,3.499
64,tropical,Scorpio,15.03,3.607
64,tropical,Sagittarius,12.81,3.074
64,tropical,Capricorn,5.07,1.217
64,tropical,Aquarius,1.59,0.382
64,tropical,Pisces,0.92,0.221
64,sidereal_lahiri,Aries,1.36,0.326
64,sidereal_lahiri,Taurus,3.93,0.943
64,sidereal_lahiri,Gemini,11.54,2.77
64,sidereal_lahiri,Cancer,15.0,3.6
64,sidereal_lahiri,Leo,14.67,3.521
64,sidereal_lahiri,Virgo,14.52,3.485
64,sidereal_lahiri,Libra,14.99,3.598
64,sidereal_lahiri,Scorpio,13.77,3.305
64,sidereal_lahiri,Sagittarius,6.47,1.553
64,sidereal_lahiri,Capricorn,1.89,0.454
64,sidereal_lahiri,Aquarius,0.98,0.235
64,sidereal_lahiri,Pisces,0.89,0.214
65,tropical,Aries,0.59,0.142
65,tropical,Taurus,1.06,0.254
65,tropical,Gemini,4.36,1.046
65,tropical,Cancer,13.52,3.245
65,tropical,Leo,15.56,3.734
65,tropical,Virgo,14.92,3.581
65,tropical,Libra,14.92,3.581
65,tropical,Scorpio,15.56,3.734
65,tropical,Sagittarius,13.52,3.245
65,tropical,Capricorn,4.36,1.046
65,tropical,Aquarius,1.06,0.254
65,tropical,Pisces,0.59,0.142
65,sidereal_lahiri,Aries,0.89,0.214
65,sidereal_lahiri,Taurus,3.14,0.754
65,sidereal_lahiri,Gemini,12.04,2.89
65,sidereal_lahiri,Cancer,15.6,3.744
65,sidereal_lahiri,Leo,15.02,3.605
65,sidereal_lahiri,Virgo,14.84,3.562
65,sidereal_lahiri,Libra,15.45,3.708
65,sidereal_lahiri,Scorpio,14.56,3.494
65,sidereal_lahiri,Sagittarius,5.96,1.43
65,sidereal_lahiri,Capricorn,1.3,0.312
65,sidereal_lahiri,Aquarius,0.62,0.149
65,sidereal_lahiri,Pisces,0.56,0.134
